{
 "A": {
  "obj": 30962.480407272735,
  "lab": 30962.48040727272,
  "und": 0.0,
  "hp": 2176.0,
  "nsh": 272,
  "mix": {
   "06-14": 62,
   "08-16": 36,
   "10-18": 32,
   "14-22": 86,
   "15-23": 56
  },
  "nv": 1974,
  "nb": 1750,
  "nc": 1924,
  "rt": 0.03466200828552246,
  "cov_dia": {
   "7": 4,
   "8": 6,
   "9": 6,
   "10": 9,
   "11": 9,
   "12": 9,
   "13": 9,
   "14": 11,
   "15": 15,
   "16": 13,
   "17": 13,
   "18": 10,
   "19": 10,
   "20": 10,
   "21": 10,
   "22": 4
  },
  "cov_sab": {
   "7": 5,
   "8": 10,
   "9": 10,
   "10": 12,
   "11": 12,
   "12": 12,
   "13": 12,
   "14": 15,
   "15": 20,
   "16": 15,
   "17": 15,
   "18": 13,
   "19": 13,
   "20": 13,
   "21": 13,
   "22": 5
  }
 },
 "B": {
  "obj": 39470.98600727273,
  "lab": 28470.98600727272,
  "und": 22.0,
  "hp": 2000.0,
  "nsh": 250,
  "mix": {
   "06-14": 66,
   "08-16": 23,
   "10-18": 31,
   "14-22": 74,
   "15-23": 56
  },
  "nv": 1974,
  "nb": 1750,
  "nc": 1924,
  "rt": 0.0605158805847168,
  "cov_dia": {
   "7": 4,
   "8": 6,
   "9": 6,
   "10": 8,
   "11": 8,
   "12": 8,
   "13": 8,
   "14": 9,
   "15": 13,
   "16": 11,
   "17": 11,
   "18": 9,
   "19": 9,
   "20": 9,
   "21": 9,
   "22": 4
  },
  "cov_sab": {
   "7": 6,
   "8": 8,
   "9": 8,
   "10": 11,
   "11": 11,
   "12": 11,
   "13": 11,
   "14": 12,
   "15": 17,
   "16": 15,
   "17": 15,
   "18": 12,
   "19": 12,
   "20": 12,
   "21": 12,
   "22": 5
  }
 },
 "D": {
  "obj": 59639.74237090909,
  "lab": 25639.742370909087,
  "und": 68.0,
  "hp": 1800.0,
  "nsh": 225,
  "mix": {
   "06-14": 59,
   "08-16": 32,
   "10-18": 25,
   "14-22": 53,
   "15-23": 56
  },
  "nv": 1974,
  "nb": 1750,
  "nc": 1924,
  "rt": 0.03726911544799805,
  "cov_dia": {
   "7": 4,
   "8": 7,
   "9": 7,
   "10": 8,
   "11": 8,
   "12": 8,
   "13": 8,
   "14": 7,
   "15": 11,
   "16": 8,
   "17": 8,
   "18": 7,
   "19": 7,
   "20": 7,
   "21": 7,
   "22": 4
  },
  "cov_sab": {
   "7": 5,
   "8": 8,
   "9": 8,
   "10": 11,
   "11": 11,
   "12": 11,
   "13": 11,
   "14": 11,
   "15": 16,
   "16": 13,
   "17": 13,
   "18": 10,
   "19": 10,
   "20": 10,
   "21": 10,
   "22": 5
  }
 },
 "sizing_A": [
  [
   23,
   19.0
  ],
  [
   24,
   8.0
  ],
  [
   25,
   0.0
  ]
 ],
 "demanda": {
  "0": {
   "7": 4,
   "8": 5,
   "9": 6,
   "10": 7,
   "11": 8,
   "12": 9,
   "13": 8,
   "14": 7,
   "15": 6,
   "16": 6,
   "17": 8,
   "18": 10,
   "19": 9,
   "20": 5,
   "21": 5,
   "22": 4
  },
  "1": {
   "7": 4,
   "8": 5,
   "9": 6,
   "10": 7,
   "11": 8,
   "12": 9,
   "13": 8,
   "14": 7,
   "15": 6,
   "16": 6,
   "17": 8,
   "18": 10,
   "19": 9,
   "20": 5,
   "21": 5,
   "22": 4
  },
  "2": {
   "7": 4,
   "8": 5,
   "9": 6,
   "10": 7,
   "11": 8,
   "12": 9,
   "13": 8,
   "14": 7,
   "15": 6,
   "16": 6,
   "17": 8,
   "18": 10,
   "19": 9,
   "20": 5,
   "21": 5,
   "22": 4
  },
  "3": {
   "7": 4,
   "8": 5,
   "9": 6,
   "10": 7,
   "11": 8,
   "12": 9,
   "13": 8,
   "14": 7,
   "15": 6,
   "16": 6,
   "17": 8,
   "18": 10,
   "19": 9,
   "20": 5,
   "21": 5,
   "22": 4
  },
  "4": {
   "7": 4,
   "8": 5,
   "9": 6,
   "10": 7,
   "11": 8,
   "12": 9,
   "13": 8,
   "14": 7,
   "15": 6,
   "16": 6,
   "17": 8,
   "18": 10,
   "19": 9,
   "20": 5,
   "21": 5,
   "22": 4
  },
  "5": {
   "7": 5,
   "8": 6,
   "9": 8,
   "10": 9,
   "11": 11,
   "12": 12,
   "13": 11,
   "14": 9,
   "15": 8,
   "16": 8,
   "17": 11,
   "18": 13,
   "19": 12,
   "20": 6,
   "21": 6,
   "22": 5
  },
  "6": {
   "7": 3,
   "8": 4,
   "9": 5,
   "10": 6,
   "11": 7,
   "12": 8,
   "13": 7,
   "14": 6,
   "15": 5,
   "16": 5,
   "17": 7,
   "18": 8,
   "19": 8,
   "20": 4,
   "21": 4,
   "22": 3
  }
 },
 "ch": {
  "220": 14.15621818181818,
  "200": 15.571839999999998,
  "180": 17.302044444444444
 },
 "tot14": 1530
}