{
 "A": {
  "label": "A - Baseline 11x3 (equiv. 6x1, 44h/sem)",
  "hmax14": 88,
  "max_dias": 11,
  "divisor": 220,
  "n_emp": 25,
  "obj": 30962.480407272735,
  "labor_cost": 30962.48040727272,
  "undercoverage": 0.0,
  "hours_paid": 2176.0,
  "shifts_used": 272,
  "runtime": 0.04194998741149902,
  "nodes": 1,
  "n_vars": 1974,
  "n_bin": 1750,
  "n_constrs": 1924,
  "mip_gap": 5.522329015124643e-15,
  "schedule": {
   "0": [
    "FOLGA",
    "08-16",
    "06-14",
    "10-18",
    "06-14",
    "06-14",
    "FOLGA",
    "14-22",
    "10-18",
    "FOLGA",
    "14-22",
    "10-18",
    "10-18",
    "08-16"
   ],
   "1": [
    "14-22",
    "FOLGA",
    "06-14",
    "FOLGA",
    "14-22",
    "14-22",
    "14-22",
    "FOLGA",
    "08-16",
    "08-16",
    "08-16",
    "14-22",
    "14-22",
    "14-22"
   ],
   "2": [
    "FOLGA",
    "FOLGA",
    "06-14",
    "08-16",
    "08-16",
    "08-16",
    "06-14",
    "06-14",
    "FOLGA",
    "08-16",
    "08-16",
    "08-16",
    "08-16",
    "14-22"
   ],
   "3": [
    "14-22",
    "14-22",
    "14-22",
    "14-22",
    "14-22",
    "14-22",
    "14-22",
    "FOLGA",
    "FOLGA",
    "14-22",
    "FOLGA",
    "14-22",
    "14-22",
    "14-22"
   ],
   "4": [
    "14-22",
    "14-22",
    "14-22",
    "14-22",
    "14-22",
    "14-22",
    "FOLGA",
    "14-22",
    "14-22",
    "14-22",
    "14-22",
    "FOLGA",
    "14-22",
    "FOLGA"
   ],
   "5": [
    "06-14",
    "10-18",
    "FOLGA",
    "06-14",
    "FOLGA",
    "06-14",
    "FOLGA",
    "10-18",
    "10-18",
    "08-16",
    "06-14",
    "06-14",
    "06-14",
    "06-14"
   ],
   "6": [
    "06-14",
    "06-14",
    "10-18",
    "FOLGA",
    "15-23",
    "15-23",
    "10-18",
    "15-23",
    "FOLGA",
    "06-14",
    "15-23",
    "FOLGA",
    "15-23",
    "15-23"
   ],
   "7": [
    "06-14",
    "06-14",
    "10-18",
    "08-16",
    "10-18",
    "15-23",
    "FOLGA",
    "10-18",
    "06-14",
    "15-23",
    "FOLGA",
    "15-23",
    "15-23",
    "FOLGA"
   ],
   "8": [
    "08-16",
    "10-18",
    "06-14",
    "10-18",
    "06-14",
    "08-16",
    "15-23",
    "FOLGA",
    "FOLGA",
    "06-14",
    "08-16",
    "08-16",
    "06-14",
    "FOLGA"
   ],
   "9": [
    "10-18",
    "08-16",
    "06-14",
    "15-23",
    "FOLGA",
    "06-14",
    "06-14",
    "06-14",
    "15-23",
    "15-23",
    "FOLGA",
    "FOLGA",
    "06-14",
    "10-18"
   ],
   "10": [
    "15-23",
    "FOLGA",
    "15-23",
    "FOLGA",
    "06-14",
    "08-16",
    "06-14",
    "FOLGA",
    "06-14",
    "06-14",
    "10-18",
    "06-14",
    "06-14",
    "10-18"
   ],
   "11": [
    "FOLGA",
    "15-23",
    "FOLGA",
    "06-14",
    "FOLGA",
    "06-14",
    "10-18",
    "10-18",
    "06-14",
    "08-16",
    "15-23",
    "FOLGA",
    "08-16",
    "08-16"
   ],
   "12": [
    "10-18",
    "06-14",
    "FOLGA",
    "08-16",
    "15-23",
    "10-18",
    "06-14",
    "08-16",
    "08-16",
    "14-22",
    "FOLGA",
    "10-18",
    "06-14",
    "FOLGA"
   ],
   "13": [
    "08-16",
    "15-23",
    "15-23",
    "FOLGA",
    "06-14",
    "14-22",
    "FOLGA",
    "06-14",
    "14-22",
    "10-18",
    "06-14",
    "15-23",
    "14-22",
    "FOLGA"
   ],
   "14": [
    "15-23",
    "15-23",
    "FOLGA",
    "06-14",
    "15-23",
    "15-23",
    "FOLGA",
    "15-23",
    "FOLGA",
    "FOLGA",
    "08-16",
    "10-18",
    "15-23",
    "10-18"
   ],
   "15": [
    "14-22",
    "14-22",
    "FOLGA",
    "15-23",
    "10-18",
    "06-14",
    "FOLGA",
    "14-22",
    "14-22",
    "15-23",
    "14-22",
    "15-23",
    "14-22",
    "FOLGA"
   ],
   "16": [
    "15-23",
    "FOLGA",
    "10-18",
    "FOLGA",
    "08-16",
    "08-16",
    "08-16",
    "15-23",
    "FOLGA",
    "15-23",
    "15-23",
    "14-22",
    "10-18",
    "14-22"
   ],
   "17": [
    "14-22",
    "14-22",
    "14-22",
    "14-22",
    "14-22",
    "14-22",
    "FOLGA",
    "FOLGA",
    "14-22",
    "14-22",
    "FOLGA",
    "14-22",
    "14-22",
    "14-22"
   ],
   "18": [
    "FOLGA",
    "15-23",
    "FOLGA",
    "15-23",
    "15-23",
    "15-23",
    "FOLGA",
    "06-14",
    "08-16",
    "FOLGA",
    "06-14",
    "06-14",
    "06-14",
    "06-14"
   ],
   "19": [
    "14-22",
    "14-22",
    "14-22",
    "14-22",
    "FOLGA",
    "14-22",
    "14-22",
    "14-22",
    "14-22",
    "FOLGA",
    "14-22",
    "14-22",
    "14-22",
    "FOLGA"
   ],
   "20": [
    "FOLGA",
    "06-14",
    "15-23",
    "FOLGA",
    "FOLGA",
    "08-16",
    "06-14",
    "08-16",
    "15-23",
    "14-22",
    "15-23",
    "15-23",
    "15-23",
    "15-23"
   ],
   "21": [
    "FOLGA",
    "FOLGA",
    "14-22",
    "14-22",
    "14-22",
    "14-22",
    "14-22",
    "14-22",
    "14-22",
    "14-22",
    "14-22",
    "14-22",
    "14-22",
    "FOLGA"
   ],
   "22": [
    "10-18",
    "FOLGA",
    "15-23",
    "15-23",
    "FOLGA",
    "15-23",
    "15-23",
    "15-23",
    "15-23",
    "FOLGA",
    "06-14",
    "06-14",
    "06-14",
    "06-14"
   ],
   "23": [
    "06-14",
    "14-22",
    "14-22",
    "14-22",
    "14-22",
    "14-22",
    "14-22",
    "14-22",
    "15-23",
    "FOLGA",
    "14-22",
    "FOLGA",
    "15-23",
    "FOLGA"
   ],
   "24": [
    "15-23",
    "10-18",
    "08-16",
    "06-14",
    "08-16",
    "10-18",
    "15-23",
    "FOLGA",
    "06-14",
    "06-14",
    "FOLGA",
    "FOLGA",
    "06-14",
    "15-23"
   ]
  },
  "n_min": 25,
  "custo_cobertura_total": 31143.679999999993,
  "custo_irredutibilidade": 31143.679999999993
 },
 "B": {
  "label": "B - Transicao 10x4 (equiv. 5x2, 40h/sem)",
  "hmax14": 80,
  "max_dias": 10,
  "divisor": 220,
  "n_emp": 25,
  "obj": 39470.98600727273,
  "labor_cost": 28470.98600727272,
  "undercoverage": 22.0,
  "hours_paid": 2000.0,
  "shifts_used": 250,
  "runtime": 0.06943392753601074,
  "nodes": 1,
  "n_vars": 1974,
  "n_bin": 1750,
  "n_constrs": 1924,
  "mip_gap": 3.3180634765792343e-15,
  "n_min": 28,
  "custo_cobertura_total": 31709.92872727272,
  "custo_irredutibilidade": 34880.921599999994
 },
 "D": {
  "label": "D - Radical 9x5 (equiv. 4x3, 36h/sem)",
  "hmax14": 72,
  "max_dias": 9,
  "divisor": 220,
  "n_emp": 25,
  "obj": 59639.74237090909,
  "labor_cost": 25639.742370909087,
  "undercoverage": 68.0,
  "hours_paid": 1800.0,
  "shifts_used": 225,
  "runtime": 0.03760695457458496,
  "nodes": 1,
  "n_vars": 1974,
  "n_bin": 1750,
  "n_constrs": 1924,
  "mip_gap": 0.0,
  "n_min": 31,
  "custo_cobertura_total": 31596.678981818175,
  "custo_irredutibilidade": 38618.1632
 }
}